{"data_time": 0.0032993499999065534, "eta_seconds": 4877.371488000135, "fast_rcnn/cls_accuracy": 0.9794921875, "fast_rcnn/false_negative": 0.061048316979257236, "fast_rcnn/fg_cls_accuracy": 0.9389516830207427, "iteration": 19, "loss_box_reg": 0.14973844587802887, "loss_cls": 0.05275248922407627, "loss_rpn_cls": 0.004131103400141001, "loss_rpn_loc": 0.008893486112356186, "lr": 1.9481e-06, "rank_data_time": 0.0032993499999065534, "roi_head/num_bg_samples": 105.625, "roi_head/num_fg_samples": 22.375, "rpn/num_neg_anchors": 246.375, "rpn/num_pos_anchors": 9.625, "time": 10.161190600000282, "total_loss": 0.21257012127898633}
{"data_time": 0.0028446999995139777, "eta_seconds": 4727.675989999871, "fast_rcnn/cls_accuracy": 0.978515625, "fast_rcnn/false_negative": 0.07742257742257742, "fast_rcnn/fg_cls_accuracy": 0.9225774225774226, "iteration": 39, "loss_box_reg": 0.13618342578411102, "loss_cls": 0.05073251575231552, "loss_rpn_cls": 0.0038374101277440786, "loss_rpn_loc": 0.0067724797409027815, "lr": 3.9461e-06, "rank_data_time": 0.0028446999995139777, "roi_head/num_bg_samples": 109.0, "roi_head/num_fg_samples": 19.0, "rpn/num_neg_anchors": 247.625, "rpn/num_pos_anchors": 8.375, "time": 10.321554850000211, "total_loss": 0.21316184662282467}
{"data_time": 0.0032507999999324966, "eta_seconds": 4512.804713999994, "fast_rcnn/cls_accuracy": 0.982421875, "fast_rcnn/false_negative": 0.04684071961386573, "fast_rcnn/fg_cls_accuracy": 0.9531592803861343, "iteration": 59, "loss_box_reg": 0.14463967829942703, "loss_cls": 0.051129765808582306, "loss_rpn_cls": 0.0028448128141462803, "loss_rpn_loc": 0.005728746531531215, "lr": 5.9440999999999996e-06, "rank_data_time": 0.0032507999999324966, "roi_head/num_bg_samples": 107.75, "roi_head/num_fg_samples": 20.25, "rpn/num_neg_anchors": 249.125, "rpn/num_pos_anchors": 6.875, "time": 10.237731900000199, "total_loss": 0.19454867870081216}
{"data_time": 0.0034908499997072795, "eta_seconds": 4321.727339999834, "fast_rcnn/cls_accuracy": 0.978515625, "fast_rcnn/false_negative": 0.04279176201372997, "fast_rcnn/fg_cls_accuracy": 0.9572082379862701, "iteration": 79, "loss_box_reg": 0.15235914289951324, "loss_cls": 0.05512483790516853, "loss_rpn_cls": 0.0024521180894225836, "loss_rpn_loc": 0.0068456209264695644, "lr": 7.942100000000001e-06, "rank_data_time": 0.0034908499997072795, "roi_head/num_bg_samples": 104.125, "roi_head/num_fg_samples": 23.875, "rpn/num_neg_anchors": 246.5, "rpn/num_pos_anchors": 9.5, "time": 10.362553200000548, "total_loss": 0.22026539058424532}
{"data_time": 0.0031039000000419037, "eta_seconds": 4117.02922000004, "fast_rcnn/cls_accuracy": 0.978515625, "fast_rcnn/false_negative": 0.043483398322108, "fast_rcnn/fg_cls_accuracy": 0.9565166016778921, "iteration": 99, "loss_box_reg": 0.13915681838989258, "loss_cls": 0.05331707000732422, "loss_rpn_cls": 0.005666346987709403, "loss_rpn_loc": 0.007783239241689444, "lr": 9.940100000000002e-06, "rank_data_time": 0.0031039000000419037, "roi_head/num_bg_samples": 106.0, "roi_head/num_fg_samples": 22.0, "rpn/num_neg_anchors": 247.625, "rpn/num_pos_anchors": 8.375, "time": 10.306908699999894, "total_loss": 0.20370312314480543}
{"data_time": 0.002536850000069535, "eta_seconds": 3914.13020699998, "fast_rcnn/cls_accuracy": 0.9814453125, "fast_rcnn/false_negative": 0.08109589041095891, "fast_rcnn/fg_cls_accuracy": 0.9189041095890411, "iteration": 119, "loss_box_reg": 0.13882321119308472, "loss_cls": 0.05029270425438881, "loss_rpn_cls": 0.005127280484884977, "loss_rpn_loc": 0.008728662505745888, "lr": 1.19381e-05, "rank_data_time": 0.002536850000069535, "roi_head/num_bg_samples": 106.0, "roi_head/num_fg_samples": 22.0, "rpn/num_neg_anchors": 246.25, "rpn/num_pos_anchors": 9.75, "time": 10.674891000000116, "total_loss": 0.2019644333049655}
{"data_time": 0.002704749999793421, "eta_seconds": 3709.1123280000647, "fast_rcnn/cls_accuracy": 0.9716796875, "fast_rcnn/false_negative": 0.03791554357592093, "fast_rcnn/fg_cls_accuracy": 0.9620844564240791, "iteration": 139, "loss_box_reg": 0.1324046514928341, "loss_cls": 0.06242014467716217, "loss_rpn_cls": 0.0034478502348065376, "loss_rpn_loc": 0.007226070389151573, "lr": 1.3936100000000002e-05, "rank_data_time": 0.002704749999793421, "roi_head/num_bg_samples": 106.0, "roi_head/num_fg_samples": 22.0, "rpn/num_neg_anchors": 247.125, "rpn/num_pos_anchors": 8.875, "time": 10.32547220000015, "total_loss": 0.2263113287917804}
{"data_time": 0.0028613499998755287, "eta_seconds": 3502.1165009999822, "fast_rcnn/cls_accuracy": 0.984375, "fast_rcnn/false_negative": 0.02857142857142857, "fast_rcnn/fg_cls_accuracy": 0.9714285714285714, "iteration": 159, "loss_box_reg": 0.1198146604001522, "loss_cls": 0.04429197683930397, "loss_rpn_cls": 0.004280967405065894, "loss_rpn_loc": 0.006389042362570763, "lr": 1.59341e-05, "rank_data_time": 0.0028613499998755287, "roi_head/num_bg_samples": 107.25, "roi_head/num_fg_samples": 20.75, "rpn/num_neg_anchors": 247.625, "rpn/num_pos_anchors": 8.375, "time": 10.286946850000277, "total_loss": 0.17932112654671073}
{"data_time": 0.00278359999992972, "eta_seconds": 3293.6233760000323, "fast_rcnn/cls_accuracy": 0.982421875, "fast_rcnn/false_negative": 0.04293577981651377, "fast_rcnn/fg_cls_accuracy": 0.9570642201834862, "iteration": 179, "loss_box_reg": 0.1443924829363823, "loss_cls": 0.051929084584116936, "loss_rpn_cls": 0.0034355169627815485, "loss_rpn_loc": 0.006805228302255273, "lr": 1.7932099999999997e-05, "rank_data_time": 0.00278359999992972, "roi_head/num_bg_samples": 104.375, "roi_head/num_fg_samples": 23.625, "rpn/num_neg_anchors": 247.75, "rpn/num_pos_anchors": 8.25, "time": 10.141537150000204, "total_loss": 0.2062669899314642}
{"data_time": 0.002379699999892182, "eta_seconds": 3087.7719150000303, "fast_rcnn/cls_accuracy": 0.9814453125, "fast_rcnn/false_negative": 0.03101503759398496, "fast_rcnn/fg_cls_accuracy": 0.9689849624060151, "iteration": 199, "loss_box_reg": 0.13651546835899353, "loss_cls": 0.05156806856393814, "loss_rpn_cls": 0.00414706754963845, "loss_rpn_loc": 0.007536755176261067, "lr": 1.99301e-05, "rank_data_time": 0.002379699999892182, "roi_head/num_bg_samples": 105.875, "roi_head/num_fg_samples": 22.125, "rpn/num_neg_anchors": 247.625, "rpn/num_pos_anchors": 8.375, "time": 10.398292899999888, "total_loss": 0.21668363874778152}
{"data_time": 0.002625100000841485, "eta_seconds": 2882.331858000107, "fast_rcnn/cls_accuracy": 0.974609375, "fast_rcnn/false_negative": 0.06577540106951871, "fast_rcnn/fg_cls_accuracy": 0.9342245989304813, "iteration": 219, "loss_box_reg": 0.15172268450260162, "loss_cls": 0.059865375980734825, "loss_rpn_cls": 0.0028371420921757817, "loss_rpn_loc": 0.005830997135490179, "lr": 2.19281e-05, "rank_data_time": 0.002625100000841485, "roi_head/num_bg_samples": 105.125, "roi_head/num_fg_samples": 22.875, "rpn/num_neg_anchors": 248.5, "rpn/num_pos_anchors": 7.5, "time": 14.233937799999694, "total_loss": 0.22893444023793563}
{"data_time": 0.0027737500004150206, "eta_seconds": 2676.0689930000262, "fast_rcnn/cls_accuracy": 0.9814453125, "fast_rcnn/false_negative": 0.04210305823209049, "fast_rcnn/fg_cls_accuracy": 0.9578969417679095, "iteration": 239, "loss_box_reg": 0.1463003009557724, "loss_cls": 0.047223230823874474, "loss_rpn_cls": 0.0025936104357242584, "loss_rpn_loc": 0.006524280412122607, "lr": 2.39261e-05, "rank_data_time": 0.0027737500004150206, "roi_head/num_bg_samples": 105.375, "roi_head/num_fg_samples": 22.625, "rpn/num_neg_anchors": 247.5, "rpn/num_pos_anchors": 8.5, "time": 9.815735049999603, "total_loss": 0.21469261730089784}
{"data_time": 0.0028909000002386165, "eta_seconds": 2472.741552000043, "fast_rcnn/cls_accuracy": 0.9794921875, "fast_rcnn/false_negative": 0.05466428995840761, "fast_rcnn/fg_cls_accuracy": 0.9453357100415924, "iteration": 259, "loss_box_reg": 0.13003219664096832, "loss_cls": 0.058110274374485016, "loss_rpn_cls": 0.0058017747942358255, "loss_rpn_loc": 0.009815167170017958, "lr": 2.59241e-05, "rank_data_time": 0.0028909000002386165,