{"data_time": 0.004007000010460615, "eta_seconds": 3905.5196919984883, "fast_rcnn/cls_accuracy": 0.98046875, "fast_rcnn/false_negative": 0.042144748455428066, "fast_rcnn/fg_cls_accuracy": 0.957855251544572, "iteration": 19, "loss_box_reg": 0.1560453623533249, "loss_cls": 0.05103772692382336, "loss_rpn_cls": 0.00423735729418695, "loss_rpn_loc": 0.006656646728515625, "lr": 4.845250000000001e-06, "rank_data_time": 0.004007000010460615, "roi_head/num_bg_samples": 104.25, "roi_head/num_fg_samples": 23.75, "rpn/num_neg_anchors": 247.25, "rpn/num_pos_anchors": 8.75, "time": 10.277683399996022, "total_loss": 0.22411056503187865}
{"data_time": 0.003749199997400865, "eta_seconds": 3675.2979419994517, "fast_rcnn/cls_accuracy": 0.9765625, "fast_rcnn/false_negative": 0.045460415859485986, "fast_rcnn/fg_cls_accuracy": 0.954539584140514, "iteration": 39, "loss_box_reg": 0.13508152961730957, "loss_cls": 0.05878036841750145, "loss_rpn_cls": 0.00635931733995676, "loss_rpn_loc": 0.006156637100502849, "lr": 9.840250000000001e-06, "rank_data_time": 0.003749199997400865, "roi_head/num_bg_samples": 106.0, "roi_head/num_fg_samples": 22.0, "rpn/num_neg_anchors": 247.875, "rpn/num_pos_anchors": 8.125, "time": 9.450163999994402, "total_loss": 0.20805083302548155}
{"data_time": 0.002726950006035622, "eta_seconds": 3482.325542999897, "fast_rcnn/cls_accuracy": 0.9833984375, "fast_rcnn/false_negative": 0.03940982333527471, "fast_rcnn/fg_cls_accuracy": 0.9605901766647253, "iteration": 59, "loss_box_reg": 0.1333443708717823, "loss_cls": 0.04440991207957268, "loss_rpn_cls": 0.003198188729584217, "loss_rpn_loc": 0.007882689125835896, "lr": 1.483525e-05, "rank_data_time": 0.002726950006035622, "roi_head/num_bg_samples": 106.75, "roi_head/num_fg_samples": 21.25, "rpn/num_neg_anchors": 245.125, "rpn/num_pos_anchors": 10.875, "time": 10.266025550001359, "total_loss": 0.17354527243878692}
{"data_time": 0.0027714000098058023, "eta_seconds": 3279.8858720017597, "fast_rcnn/cls_accuracy": 0.982421875, "fast_rcnn/false_negative": 0.05046103321965391, "fast_rcnn/fg_cls_accuracy": 0.949538966780346, "iteration": 79, "loss_box_reg": 0.10913323983550072, "loss_cls": 0.04736802168190479, "loss_rpn_cls": 0.002899890416301787, "loss_rpn_loc": 0.007337527582421899, "lr": 1.9830250000000002e-05, "rank_data_time": 0.0027714000098058023, "roi_head/num_bg_samples": 107.375, "roi_head/num_fg_samples": 20.625, "rpn/num_neg_anchors": 249.25, "rpn/num_pos_anchors": 6.75, "time": 10.449595400001272, "total_loss": 0.16657119907904416}
{"data_time": 0.002982250000059139, "eta_seconds": 3071.013299999322, "fast_rcnn/cls_accuracy": 0.9794921875, "fast_rcnn/false_negative": 0.030012004801920768, "fast_rcnn/fg_cls_accuracy": 0.9699879951980792, "iteration": 99, "loss_box_reg": 0.15227679163217545, "loss_cls": 0.05512302555143833, "loss_rpn_cls": 0.0024036322720348835, "loss_rpn_loc": 0.006756756454706192, "lr": 2.482525e-05, "rank_data_time": 0.002982250000059139, "roi_head/num_bg_samples": 105.5, "roi_head/num_fg_samples": 22.5, "rpn/num_neg_anchors": 247.625, "rpn/num_pos_anchors": 8.375, "time": 10.121006249995844, "total_loss": 0.22566371329594404}
{"data_time": 0.0028415500055416487, "eta_seconds": 2869.9001380015397, "fast_rcnn/cls_accuracy": 0.9853515625, "fast_rcnn/false_negative": 0.03707482993197279, "fast_rcnn/fg_cls_accuracy": 0.9629251700680272, "iteration": 119, "loss_box_reg": 0.10325489193201065, "loss_cls": 0.041015950962901115, "loss_rpn_cls": 0.0024934541434049606, "loss_rpn_loc": 0.005025465507060289, "lr": 2.982025e-05, "rank_data_time": 0.0028415500055416487, "roi_head/num_bg_samples": 108.375, "roi_head/num_fg_samples": 19.625, "rpn/num_neg_anchors": 249.875, "rpn/num_pos_anchors": 6.125, "time": 10.420370200001344, "total_loss": 0.15732609007682186}
{"data_time": 0.0027873500002897345, "eta_seconds": 2664.9072710014298, "fast_rcnn/cls_accuracy": 0.9814453125, "fast_rcnn/false_negative": 0.038989485981308414, "fast_rcnn/fg_cls_accuracy": 0.9610105140186915, "iteration": 139, "loss_box_reg": 0.1366322636604309, "loss_cls": 0.051075054332613945, "loss_rpn_cls": 0.002089254674501717, "loss_rpn_loc": 0.0069625601172447205, "lr": 3.481525e-05, "rank_data_time": 0.0027873500002897345, "roi_head/num_bg_samples": 106.625, "roi_head/num_fg_samples": 21.375, "rpn/num_neg_anchors": 247.5, "rpn/num_pos_anchors": 8.5, "time": 10.426075550007226, "total_loss": 0.188240981195122}
{"data_time": 0.0026183500085608102, "eta_seconds": 2459.91440400132, "fast_rcnn/cls_accuracy": 0.9794921875, "fast_rcnn/false_negative": 0.04934263918195098, "fast_rcnn/fg_cls_accuracy": 0.950657360818049, "iteration": 159, "loss_box_reg": 0.1522277444601059, "loss_cls": 0.05172858573496342, "loss_rpn_cls": 0.0049688087310642, "loss_rpn_loc": 0.014150127302855253, "lr": 3.9810250000000004e-05, "rank_data_time": 0.0026183500085608102, "roi_head/num_bg_samples": 107.0, "roi_head/num_fg_samples": 21.0, "rpn/num_neg_anchors": 245.375, "rpn/num_pos_anchors": 10.625, "time": 10.258300749999762, "total_loss": 0.2242146396311}
{"data_time": 0.002743850003753323, "eta_seconds": 2255.1566840021405, "fast_rcnn/cls_accuracy": 0.9794921875, "fast_rcnn/false_negative": 0.054875601926163725, "fast_rcnn/fg_cls_accuracy": 0.9451243980738362, "iteration": 179, "loss_box_reg": 0.1205199845135212, "loss_cls": 0.050841037184000015, "loss_rpn_cls": 0.0022686857264488935, "loss_rpn_loc": 0.00648184260353446, "lr": 4.4805250000000006e-05, "rank_data_time": 0.002743850003753323, "roi_head/num_bg_samples": 106.625, "roi_head/num_fg_samples": 21.375, "rpn/num_neg_anchors": 247.0, "rpn/num_pos_anchors": 9.0, "time": 10.272623100005148, "total_loss": 0.19079206639435142}
{"data_time": 0.0025626999922678806, "eta_seconds": 2051.4207900007023, "fast_rcnn/cls_accuracy": 0.98046875, "fast_rcnn/false_negative": 0.038357843137254904, "fast_rcnn/fg_cls_accuracy": 0.9616421568627451, "iteration": 199, "loss_box_reg": 0.12953491508960724, "loss_cls": 0.049345819279551506, "loss_rpn_cls": 0.002784791635349393, "loss_rpn_loc": 0.005869783461093903, "lr": 4.980025e-05, "rank_data_time": 0.0025626999922678806, "roi_head/num_bg_samples": 102.5, "roi_head/num_fg_samples": 25.5, "rpn/num_neg_anchors": 247.875, "rpn/num_pos_anchors": 8.125, "time": 10.510654849989805, "total_loss": 0.1877942297141999}
{"data_time": 0.0028371499938657507, "eta_seconds": 1845.68149800034, "fast_rcnn/cls_accuracy": 0.984375, "fast_rcnn/false_negative": 0.036725067385444746, "fast_rcnn/fg_cls_accuracy": 0.9632749326145553, "iteration": 219, "loss_box_reg": 0.13385062664747238, "loss_cls": 0.05353047885000706, "loss_rpn_cls": 0.002758096787147224, "loss_rpn_loc": 0.005866562947630882, "lr": 5.479525e-05, "rank_data_time": 0.0028371499938657507, "roi_head/num_bg_samples": 106.25, "roi_head/num_fg_samples": 21.75, "rpn/num_neg_anchors": 248.5, "rpn/num_pos_anchors": 7.5, "time": 10.231713400004082, "total_loss": 0.18868168169865385}
{"data_time": 0.0027669499977491796, "eta_seconds": 1644.5635440002661, "fast_rcnn/cls_accuracy": 0.9775390625, "fast_rcnn/false_negative": 0.0445005445005445, "fast_rcnn/fg_cls_accuracy": 0.9554994554994556, "iteration": 239, "loss_box_reg": 0.1491524577140808, "loss_cls": 0.061700787395238876, "loss_rpn_cls": 0.0033820034004747868, "loss_rpn_loc": 0.006145230960100889, "lr": 5.9790250000000006e-05, "rank_data_time": 0.0027669499977491796, "roi_head/num_bg_samples": 105.5, "roi_head/num_fg_samples": 22.5, "rpn/num_neg_anchors": 248.75, "rpn/num_pos_anchors": 7.25, "time": 10.587600899998506, "total_loss": 0.21911786287091672}
{"data_time": 0.00258840000606142, "eta_seconds": 1437.9515710005944, "fast_rcnn/cls_accuracy": 0.9755859375, "fast_rcnn/false_negative": 0.062036800408893436, "fast_rcnn/fg_cls_accuracy": 0.9379631995911066, "iteration": 259, "loss_box_reg": 0.13775087893009186, "loss_cls": 0.06230451539158821, "loss_rpn_cls": 0.00421551801264286, "loss_rpn_loc": 0.005591181805357337, "lr": 6.478525e-05, "rank_data_time": 0.00258840000606142,