{"data_time": 0.0033964499962166883, "eta_seconds": 14172.06175000203, "fast_rcnn/cls_accuracy": 0.955078125, "fast_rcnn/false_negative": 0.17938668866886687, "fast_rcnn/fg_cls_accuracy": 0.8147855133614628, "iteration": 19, "loss_box_reg": 0.20478784292936325, "loss_cls": 0.12569182738661766, "loss_rpn_cls": 0.015987295657396317, "loss_rpn_loc": 0.022672532126307487, "lr": 1.9981e-06, "rank_data_time": 0.0033964499962166883, "roi_head/num_bg_samples": 105.25, "roi_head/num_fg_samples": 22.75, "rpn/num_neg_anchors": 239.0, "rpn/num_pos_anchors": 17.0, "time": 14.461287500002072, "total_loss": 0.4309811699204147}
{"data_time": 0.0029023000024608336, "eta_seconds": 14115.041183992289, "fast_rcnn/cls_accuracy": 0.9404296875, "fast_rcnn/false_negative": 0.19192435471505237, "fast_rcnn/fg_cls_accuracy": 0.7782331511839709, "iteration": 39, "loss_box_reg": 0.2330593839287758, "loss_cls": 0.18312135338783264, "loss_rpn_cls": 0.01754220947623253, "loss_rpn_loc": 0.029997882433235645, "lr": 3.9961e-06, "rank_data_time": 0.0029023000024608336, "roi_head/num_bg_samples": 104.875, "roi_head/num_fg_samples": 23.125, "rpn/num_neg_anchors": 233.75, "rpn/num_pos_anchors": 22.25, "time": 15.588836399991123, "total_loss": 0.46919752308167517}
{"data_time": 0.0030656000089948066, "eta_seconds": 14512.826285999472, "fast_rcnn/cls_accuracy": 0.9541015625, "fast_rcnn/false_negative": 0.14192073170731706, "fast_rcnn/fg_cls_accuracy": 0.8227272727272728, "iteration": 59, "loss_box_reg": 0.20513946563005447, "loss_cls": 0.133355513215065, "loss_rpn_cls": 0.0327497273683548, "loss_rpn_loc": 0.03127403184771538, "lr": 5.9941e-06, "rank_data_time": 0.0030656000089948066, "roi_head/num_bg_samples": 106.875, "roi_head/num_fg_samples": 21.125, "rpn/num_neg_anchors": 236.875, "rpn/num_pos_anchors": 19.125, "time": 16.170583300001454, "total_loss": 0.35208791960030794}
{"data_time": 0.0025906000009854324, "eta_seconds": 14567.132156001171, "fast_rcnn/cls_accuracy": 0.9521484375, "fast_rcnn/false_negative": 0.1269773203735468, "fast_rcnn/fg_cls_accuracy": 0.8445678636640293, "iteration": 79, "loss_box_reg": 0.21173813939094543, "loss_cls": 0.13068681210279465, "loss_rpn_cls": 0.011471829377114773, "loss_rpn_loc": 0.02295967983081937, "lr": 7.992100000000001e-06, "rank_data_time": 0.0025906000009854324, "roi_head/num_bg_samples": 104.375, "roi_head/num_fg_samples": 23.625, "rpn/num_neg_anchors": 238.875, "rpn/num_pos_anchors": 17.125, "time": 17.85915369999566, "total_loss": 0.3851973316632211}
{"data_time": 0.0030225499940570444, "eta_seconds": 14473.96222499956, "fast_rcnn/cls_accuracy": 0.9541015625, "fast_rcnn/false_negative": 0.12593406593406592, "fast_rcnn/fg_cls_accuracy": 0.7953478446436193, "iteration": 99, "loss_box_reg": 0.19600225985050201, "loss_cls": 0.12161391973495483, "loss_rpn_cls": 0.011624371632933617, "loss_rpn_loc": 0.012667974457144737, "lr": 9.990100000000001e-06, "rank_data_time": 0.0030225499940570444, "roi_head/num_bg_samples": 105.625, "roi_head/num_fg_samples": 22.375, "rpn/num_neg_anchors": 244.625, "rpn/num_pos_anchors": 11.375, "time": 19.0063755999945, "total_loss": 0.3998292674077675}
{"data_time": 0.0032378999967477284, "eta_seconds": 14739.669647994451, "fast_rcnn/cls_accuracy": 0.9609375, "fast_rcnn/false_negative": 0.09464285714285714, "fast_rcnn/fg_cls_accuracy": 0.8685452657415274, "iteration": 119, "loss_box_reg": 0.19669602811336517, "loss_cls": 0.11528156697750092, "loss_rpn_cls": 0.011800049804151058, "loss_rpn_loc": 0.012383308727294207, "lr": 1.1988100000000001e-05, "rank_data_time": 0.0032378999967477284, "roi_head/num_bg_samples": 107.625, "roi_head/num_fg_samples": 20.375, "rpn/num_neg_anchors": 245.625, "rpn/num_pos_anchors": 10.375, "time": 18.80751639999653, "total_loss": 0.3313651103526354}
