{"data_time": 0.003688349996082252, "eta_seconds": 3595.718807999947, "fast_rcnn/cls_accuracy": 0.9599609375, "fast_rcnn/false_negative": 0.11017520215633422, "fast_rcnn/fg_cls_accuracy": 0.8770641440544353, "iteration": 19, "loss_box_reg": 0.19859963655471802, "loss_cls": 0.12124906852841377, "loss_rpn_cls": 0.0056296419352293015, "loss_rpn_loc": 0.00839963648468256, "lr": 9.5905e-06, "rank_data_time": 0.003688349996082252, "roi_head/num_bg_samples": 103.0, "roi_head/num_fg_samples": 25.0, "rpn/num_neg_anchors": 247.125, "rpn/num_pos_anchors": 8.875, "time": 19.976215599999705, "total_loss": 0.3332591144135222}
{"data_time": 0.00289485000030254, "eta_seconds": 2945.9244479995687, "fast_rcnn/cls_accuracy": 0.9521484375, "fast_rcnn/false_negative": 0.13732424012797845, "fast_rcnn/fg_cls_accuracy": 0.8308308308308308, "iteration": 39, "loss_box_reg": 0.19349733740091324, "loss_cls": 0.12365325912833214, "loss_rpn_cls": 0.009019344579428434, "loss_rpn_loc": 0.0114779113791883, "lr": 1.95805e-05, "rank_data_time": 0.00289485000030254, "roi_head/num_bg_samples": 103.375, "roi_head/num_fg_samples": 24.625, "rpn/num_neg_anchors": 245.75, "rpn/num_pos_anchors": 10.25, "time": 17.168205650003074, "total_loss": 0.319700465654023}
{"data_time": 0.0027348000003257766, "eta_seconds": 2565.520719999986, "fast_rcnn/cls_accuracy": 0.9677734375, "fast_rcnn/false_negative": 0.09264013692768507, "fast_rcnn/fg_cls_accuracy": 0.8998176430362435, "iteration": 59, "loss_box_reg": 0.20437002927064896, "loss_cls": 0.10393416881561279, "loss_rpn_cls": 0.007921445416286588, "loss_rpn_loc": 0.009359892457723618, "lr": 2.95705e-05, "rank_data_time": 0.0027348000003257766, "roi_head/num_bg_samples": 101.625, "roi_head/num_fg_samples": 26.375, "rpn/num_neg_anchors": 246.25, "rpn/num_pos_anchors": 9.75, "time": 17.981772049999563, "total_loss": 0.3320655182469636}
{"data_time": 0.0027198999996471684, "eta_seconds": 2179.062341999961, "fast_rcnn/cls_accuracy": 0.9755859375, "fast_rcnn/false_negative": 0.05955188679245283, "fast_rcnn/fg_cls_accuracy": 0.9404481132075472, "iteration": 79, "loss_box_reg": 0.16209492832422256, "loss_cls": 0.0840626172721386, "loss_rpn_cls": 0.004358531208708882, "loss_rpn_loc": 0.009412677958607674, "lr": 3.956050000000001e-05, "rank_data_time": 0.0027198999996471684, "roi_head/num_bg_samples": 105.375, "roi_head/num_fg_samples": 22.625, "rpn/num_neg_anchors": 246.375, "rpn/num_pos_anchors": 9.625, "time": 17.13286164999954, "total_loss": 0.26414738965104334}
{"data_time": 0.0029588500001409557, "eta_seconds": 1792.5074249997124, "fast_rcnn/cls_accuracy": 0.96484375, "fast_rcnn/false_negative": 0.09291304347826088, "fast_rcnn/fg_cls_accuracy": 0.8946353436185133, "iteration": 99, "loss_box_reg": 0.20134031027555466, "loss_cls": 0.10242533311247826, "loss_rpn_cls": 0.004990184213966131, "loss_rpn_loc": 0.006323256064206362, "lr": 4.95505e-05, "rank_data_time": 0.0029588500001409557, "roi_head/num_bg_samples": 104.75, "roi_head/num_fg_samples": 23.25, "rpn/num_neg_anchors": 249.625, "rpn/num_pos_anchors": 6.375, "time": 17.339101800000208, "total_loss": 0.31054424913600087}
{"data_time": 0.0027695499957189895, "eta_seconds": 1434.00593999977, "fast_rcnn/cls_accuracy": 0.9697265625, "fast_rcnn/false_negative": 0.09001782531194297, "fast_rcnn/fg_cls_accuracy": 0.8752913752913754, "iteration": 119, "loss_box_reg": 0.1896788850426674, "loss_cls": 0.09935059770941734, "loss_rpn_cls": 0.007333233719691634, "loss_rpn_loc": 0.010170621797442436, "lr": 5.95405e-05, "rank_data_time": 0.0027695499957189895, "roi_head/num_bg_samples": 104.125, "roi_head/num_fg_samples": 23.875, "rpn/num_neg_anchors": 245.75, "rpn/num_pos_anchors": 10.25, "time": 17.99553664999985, "total_loss": 0.31625862268265337}
{"data_time": 0.002534950002882397, "eta_seconds": 1068.5343719999946, "fast_rcnn/cls_accuracy": 0.966796875, "fast_rcnn/false_negative": 0.08891076115485563, "fast_rcnn/fg_cls_accuracy": 0.8798557158712541, "iteration": 139, "loss_box_reg": 0.2113046795129776, "loss_cls": 0.11709555238485336, "loss_rpn_cls": 0.004727926338091493, "loss_rpn_loc": 0.013883186969906092, "lr": 6.95305e-05, "rank_data_time": 0.002534950002882397, "roi_head/num_bg_samples": 103.5, "roi_head/num_fg_samples": 24.5, "rpn/num_neg_anchors": 244.375, "rpn/num_pos_anchors": 11.625, "time": 17.53431615000227, "total_loss": 0.3475365056656301}
{"data_time": 0.0027298499990138225, "eta_seconds": 717.002969999885, "fast_rcnn/cls_accuracy": 0.962890625, "fast_rcnn/false_negative": 0.09833916083916083, "fast_rcnn/fg_cls_accuracy": 0.8619257086999023, "iteration": 159, "loss_box_reg": 0.19887754321098328, "loss_cls": 0.10143745318055153, "loss_rpn_cls": 0.006080297054722905, "loss_rpn_loc": 0.010094687342643738, "lr": 7.95205e-05, "rank_data_time": 0.0027298499990138225, "roi_head/num_bg_samples": 103.375, "roi_head/num_fg_samples": 24.625, "rpn/num_neg_anchors": 246.0, "rpn/num_pos_anchors": 10.0, "time": 18.61729700000069, "total_loss": 0.3184527282137424}
{"data_time": 0.0026827500005310867, "eta_seconds": 358.5014849999425, "fast_rcnn/cls_accuracy": 0.96875, "fast_rcnn/false_negative": 0.0865129835718071, "fast_rcnn/fg_cls_accuracy": 0.9036119711042312, "iteration": 179, "loss_box_reg": 0.19930338114500046, "loss_cls": 0.10589073598384857, "loss_rpn_cls": 0.004577098647132516, "loss_rpn_loc": 0.008938064333051443, "lr": 8.951050000000001e-05, "rank_data_time": 0.0026827500005310867, "roi_head/num_bg_samples": 103.5, "roi_head/num_fg_samples": 24.5, "rpn/num_neg_anchors": 247.75, "rpn/num_pos_anchors": 8.25, "time": 18.019065399999818, "total_loss": 0.3271661028265953}
{"data_time": 0.0025245500000892207, "eta_seconds": 0.0, "fast_rcnn/cls_accuracy": 0.9638671875, "fast_rcnn/false_negative": 0.11088861076345431, "fast_rcnn/fg_cls_accuracy": 0.8688625204582652, "iteration": 199, "loss_box_reg": 0.16998587548732758, "loss_cls": 0.1071680411696434, "loss_rpn_cls": 0.004428772022947669, "loss_rpn_loc": 0.010969883762300014, "lr": 9.950050000000001e-05, "rank_data_time": 0.0025245500000892207, "roi_head/num_bg_samples": 105.875, "roi_head/num_fg_samples": 22.125, "rpn/num_neg_anchors": 245.375, "rpn/num_pos_anchors": 10.625, "time": 18.675964900001418, "total_loss": 0.28048754553310573}
