{"data_time": 0.0027815500034193974, "eta_seconds": 3479.8007859998324, "fast_rcnn/cls_accuracy": 0.9619140625, "fast_rcnn/false_negative": 0.08656923405163218, "fast_rcnn/fg_cls_accuracy": 0.875, "iteration": 19, "loss_box_reg": 0.2289486974477768, "loss_cls": 0.12573354691267014, "loss_rpn_cls": 0.008766972925513983, "loss_rpn_loc": 0.012201882898807526, "lr": 6.427000000000001e-06, "rank_data_time": 0.0027815500034193974, "roi_head/num_bg_samples": 103.5, "roi_head/num_fg_samples": 24.5, "rpn/num_neg_anchors": 245.0, "rpn/num_pos_anchors": 11.0, "time": 12.427859949999402, "total_loss": 0.3867299931589514}
{"data_time": 0.0025889500029734336, "eta_seconds": 3178.108388000037, "fast_rcnn/cls_accuracy": 0.939453125, "fast_rcnn/false_negative": 0.18245838668373882, "fast_rcnn/fg_cls_accuracy": 0.732999213836478, "iteration": 39, "loss_box_reg": 0.25435106456279755, "loss_cls": 0.16682063788175583, "loss_rpn_cls": 0.009204824455082417, "loss_rpn_loc": 0.010951496660709381, "lr": 1.3087000000000002e-05, "rank_data_time": 0.0025889500029734336, "roi_head/num_bg_samples": 104.25, "roi_head/num_fg_samples": 23.75, "rpn/num_neg_anchors": 246.125, "rpn/num_pos_anchors": 9.875, "time": 11.977126800004044, "total_loss": 0.4242744857328944}
{"data_time": 0.0027646999988064636, "eta_seconds": 2937.943355999887, "fast_rcnn/cls_accuracy": 0.96484375, "fast_rcnn/false_negative": 0.0998062015503876, "fast_rcnn/fg_cls_accuracy": 0.8706259508802434, "iteration": 59, "loss_box_reg": 0.20045693218708038, "loss_cls": 0.1123070940375328, "loss_rpn_cls": 0.007274153642356396, "loss_rpn_loc": 0.007192804012447596, "lr": 1.9747e-05, "rank_data_time": 0.0027646999988064636, "roi_head/num_bg_samples": 103.25, "roi_head/num_fg_samples": 24.75, "rpn/num_neg_anchors": 247.5, "rpn/num_pos_anchors": 8.5, "time": 12.558500549996097, "total_loss": 0.337108185980469}
{"data_time": 0.0026518000013311394, "eta_seconds": 2693.1147429998964, "fast_rcnn/cls_accuracy": 0.9560546875, "fast_rcnn/false_negative": 0.1624633431085044, "fast_rcnn/fg_cls_accuracy": 0.8280086848635235, "iteration": 79, "loss_box_reg": 0.21762756258249283, "loss_cls": 0.12456545233726501, "loss_rpn_cls": 0.008717388845980167, "loss_rpn_loc": 0.009937780909240246, "lr": 2.6407e-05, "rank_data_time": 0.0026518000013311394, "roi_head/num_bg_samples": 104.375, "roi_head/num_fg_samples": 23.625, "rpn/num_neg_anchors": 246.75, "rpn/num_pos_anchors": 9.25, "time": 12.437519550003344, "total_loss": 0.3465297953225672}
{"data_time": 0.0023710499990556855, "eta_seconds": 2444.6987600000284, "fast_rcnn/cls_accuracy": 0.958984375, "fast_rcnn/false_negative": 0.08654198753208654, "fast_rcnn/fg_cls_accuracy": 0.8888888888888888, "iteration": 99, "loss_box_reg": 0.21813417971134186, "loss_cls": 0.13883843272924423, "loss_rpn_cls": 0.008661030326038599, "loss_rpn_loc": 0.012203462421894073, "lr": 3.3067e-05, "rank_data_time": 0.0023710499990556855, "roi_head/num_bg_samples": 103.125, "roi_head/num_fg_samples": 24.875, "rpn/num_neg_anchors": 244.625, "rpn/num_pos_anchors": 11.375, "time": 12.163997500003461, "total_loss": 0.40735292132012546}
{"data_time": 0.00236110000332701, "eta_seconds": 2196.515826000177, "fast_rcnn/cls_accuracy": 0.9609375, "fast_rcnn/false_negative": 0.1190087145969499, "fast_rcnn/fg_cls_accuracy": 0.8662854030501089, "iteration": 119, "loss_box_reg": 0.22036661207675934, "loss_cls": 0.12619490921497345, "loss_rpn_cls": 0.007311020977795124, "loss_rpn_loc": 0.007764813955873251, "lr": 3.9727e-05, "rank_data_time": 0.00236110000332701, "roi_head/num_bg_samples": 104.125, "roi_head/num_fg_samples": 23.875, "rpn/num_neg_anchors": 246.625, "rpn/num_pos_anchors": 9.375, "time": 12.109910799998033, "total_loss": 0.3927366160787642}
{"data_time": 0.002610100000310922, "eta_seconds": 1951.1441920005018, "fast_rcnn/cls_accuracy": 0.970703125, "fast_rcnn/false_negative": 0.05572755417956656, "fast_rcnn/fg_cls_accuracy": 0.9291773122125703, "iteration": 139, "loss_box_reg": 0.20635496079921722, "loss_cls": 0.10261723026633263, "loss_rpn_cls": 0.0056462399661540985, "loss_rpn_loc": 0.011651427485048771, "lr": 4.6387e-05, "rank_data_time": 0.002610100000310922, "roi_head/num_bg_samples": 104.25, "roi_head/num_fg_samples": 23.75, "rpn/num_neg_anchors": 243.375, "rpn/num_pos_anchors": 12.625, "time": 11.961617850003677, "total_loss": 0.3413192378357053}
{"data_time": 0.0025597499989089556, "eta_seconds": 1709.9505360002513, "fast_rcnn/cls_accuracy": 0.951171875, "fast_rcnn/false_negative": 0.17662855162855162, "fast_rcnn/fg_cls_accuracy": 0.7857051282051282, "iteration": 159, "loss_box_reg": 0.22254594415426254, "loss_cls": 0.13890361040830612, "loss_rpn_cls": 0.006805195705965161, "loss_rpn_loc": 0.010381244122982025, "lr": 5.3047e-05, "rank_data_time": 0.0025597499989089556, "roi_head/num_bg_samples": 104.125, "roi_head/num_fg_samples": 23.875, "rpn/num_neg_anchors": 246.25, "rpn/num_pos_anchors": 9.75, "time": 13.346256650002033, "total_loss": 0.3825015416368842}
{"data_time": 0.0025178500000038184, "eta_seconds": 1463.3581440003763, "fast_rcnn/cls_accuracy": 0.9619140625, "fast_rcnn/false_negative": 0.1256937153142343, "fast_rcnn/fg_cls_accuracy": 0.8593039942597465, "iteration": 179, "loss_box_reg": 0.24305004626512527, "loss_cls": 0.12255127355456352, "loss_rpn_cls": 0.011494745966047049, "loss_rpn_loc": 0.013969278894364834, "lr": 5.9707e-05, "rank_data_time": 0.0025178500000038184, "roi_head/num_bg_samples": 102.5, "roi_head/num_fg_samples": 25.5, "rpn/num_neg_anchors": 244.75, "rpn/num_pos_anchors": 11.25, "time": 11.759258050002245, "total_loss": 0.4232547665014863}
{"data_time": 0.0026760000000649597, "eta_seconds": 1215.3237600003195, "fast_rcnn/cls_accuracy": 0.96484375, "fast_rcnn/false_negative": 0.08478771605974156, "fast_rcnn/fg_cls_accuracy": 0.8765243902439024, "iteration": 199, "loss_box_reg": 0.17076365649700165, "loss_cls": 0.10631955042481422, "loss_rpn_cls": 0.006150364875793457, "loss_rpn_loc": 0.007525804918259382, "lr": 6.6367e-05, "rank_data_time": 0.0026760000000649597, "roi_head/num_bg_samples": 106.375, "roi_head/num_fg_samples": 21.625, "rpn/num_neg_anchors": 248.375, "rpn/num_pos_anchors": 7.625, "time": 11.646309849998943, "total_loss": 0.2820206992328167}
{"data_time": 0.0026383000003988855, "eta_seconds": 972.6359280000906, "fast_rcnn/cls_accuracy": 0.955078125, "fast_rcnn/false_negative": 0.13211548987411056, "fast_rcnn/fg_cls_accuracy": 0.8191529235382309, "iteration": 219, "loss_box_reg": 0.23067588359117508, "loss_cls": 0.130135640501976, "loss_rpn_cls": 0.005301496479660273, "loss_rpn_loc": 0.011313560418784618, "lr": 7.3027e-05, "rank_data_time": 0.0026383000003988855, "roi_head/num_bg_samples": 104.25, "roi_head/num_fg_samples": 23.75, "rpn/num_neg_anchors": 244.125, "rpn/num_pos_anchors": 11.875, "time": 12.182556850002584, "total_loss": 0.3722525824268814}
{"data_time": 0.0026770499971462414, "eta_seconds": 729.476946000068, "fast_rcnn/cls_accuracy": 0.9638671875, "fast_rcnn/false_negative": 0.09262861032772537, "fast_rcnn/fg_cls_accuracy": 0.9028115871470301, "iteration": 239, "loss_box_reg": 0.20043516904115677, "loss_cls": 0.11092663928866386, "loss_rpn_cls": 0.006988621316850185, "loss_rpn_loc": 0.01305188424885273, "lr": 7.9687e-05, "rank_data_time": 0.0026770499971462414, "roi_head/num_bg_samples": 104.375, "roi_head/num_fg_samples": 23.625, "rpn/num_neg_anchors": 245.625, "rpn/num_pos_anchors": 10.375, "time": 12.235141249999288, "total_loss": 0.3418883279664442}
{"data_time": 0.0029900000008638017, "eta_seconds": 487.4216980001074, "fast_rcnn/cls_accuracy": 0.958984375, "fast_rcnn/false_negative": 0.13009717161200762, "fast_rcnn/fg_cls_accuracy": 0.8458702064896755, "iteration": 259, "loss_box_reg": 0.2178618535399437, "loss_cls": 0.12908998131752014, "loss_rpn_cls": 0.006354205776005983, "loss_rpn_loc": 0.013829920440912247, "lr": 8.6347e-05, "rank_data_time": 0.0029900000008638017, "roi_head/num_bg_samples": 102.875, "roi_head/num_fg_samples": 25.125,